,age,age,age,age,age,age,age,age,income,income,income,income,income,income,income,income,education,education,education,education,education,education,education,education
,count,mean,std,min,25%,50%,75%,max,count,mean,std,min,25%,50%,75%,max,count,mean,std,min,25%,50%,75%,max
gender,,,,,,,,,,,,,,,,,,,,,,,,
F,2.0,0.5,1.4142135623730951,-0.5,0.0,0.5,1.0,1.5,2.0,0.46875,0.04419417382415922,0.4375,0.453125,0.46875,0.484375,0.5,2.0,1.5,0.7071067811865476,1.0,1.25,1.5,1.75,2.0
M,3.0,-0.3333333333333333,1.0408329997330665,-1.5,-0.75,0.0,0.25,0.5,3.0,0.4166666666666667,0.5204164998665332,0.0,0.125,0.25,0.625,1.0,3.0,0.3333333333333333,0.5773502691896258,0.0,0.0,0.0,0.5,1.0
